ID,Item_name,Count
0,Veg Fried Rice,213
1,Jeera Rice,194
2,Chicken Fried Rice,190
3,Egg Fried Rice,180
4,Paneer Butter Masala,179
5,Paneer Manchurian,173
6,Gobi Manchurian,166
7,Ghee Rice,158
8,Mushroom Manchurian,158
9,Dal Fry,147
10,Dal Tadka,142
11,Veg Biryani,142
12,Butter Naan,139
13,Egg Biryani,136
14,Palak Paneer,135
15,Veg Noodles,135
16,Chicken Manchurian,133
17,Mushroom Masala,132
18,Curd Rice,125
19,Baby Corn Manchurian,125
20,Egg Masala,121
21,Egg Noodles,118
22,Egg Bhurji,118
23,Chicken Noodles,116
24,Mineral Water,114
25,Chicken 65,113
26,Aloo Paratha,110
27,Chicken Biryani,107
28,Paneer Tikka,106
29,Chicken Masala,105
30,Paneer 65,104
31,Paneer Fried Rice,101
32,Butter Kulcha,99
33,Mushroom Fried Rice,98
34,Butter Roti,97
35,Chicken Kabab,97
36,Dal Makhani,93
37,Butter Chicken,93
38,Veg Manchow Soup,92
39,Green Salad,92
40,Veg Kolhapuri,91
41,Paneer Tikka Masala,90
42,Garlic Naan,89
43,Chicken Lollipop,89
44,Lemon Chicken,89
45,Sweet Lassi,86
46,Chicken Schezwan Fried Rice,84
47,Plain Rice,84
48,Chicken Tikka,83
49,Chicken Manchow Soup,83
50,Veg Schezwan Fried Rice,82
51,Mutton Biryani,81
52,Tandoori Chicken,80
53,Veg Schezwan Noodles,80
54,Chicken Kolhapuri,78
55,Gobi 65,77
56,French Fries,76
57,Chicken Schezwan Noodles,76
58,Tandoori Roti,75
59,Kulcha,74
60,Naan,73
61,Veg Hot and Sour Soup,72
62,Chicken Tikka Masala,72
63,Malai Kofta,72
64,Veg Pulao,72
65,Paneer Paratha,72
66,Egg Curry,72
67,Chicken Do Pyaza,71
68,Paneer Chilli,71
69,Chicken Hot and Sour Soup,70
70,Ginger Chicken,70
71,Garlic Chicken,70
72,Mutton Masala,70
73,Green Peas Masala,69
74,Chicken Hyderabadi,67
75,Aloo Gobi,67
76,Boiled Egg,66
77,Tomato Soup,66
78,Mushroom Chilli,66
79,Coke,65
80,Steamed Rice,65
81,Gulab Jamun,64
82,Veg Sweet Corn Soup,64
83,Kadai Paneer,64
84,Plain Naan,64
85,Biryani Rice,63
86,Paneer Bhurji,63
87,Chicken Clear Soup,63
88,Chicken Curry,62
89,Mushroom 65,62
90,Masala Papad,62
91,Veg Clear Soup,62
92,Roti,61
93,Egg Omelette,61
94,Pepper Chicken,60
95,Paneer Chilly,59
96,Chilli Chicken,59
97,Boondi Raita,59
98,Dal Palak,58
99,Kadai Chicken,58
100,Mushroom Pepper Dry,58
101,Sprite,58
102,Mutton Rogan Josh,57
103,Egg Manchurian,56
104,Veg Manchurian,56
105,Shahi Paneer,56
106,Plain Paratha,56
107,Gobi Paratha,55
108,Mushroom Chilly,55
109,Chana Masala,55
110,Gobi Chilli,55
111,Kaju Masala,55
112,Pineapple Juice,54
113,Chicken Sweet Corn Soup,54
114,Butter Milk,53
115,Paneer Biryani,53
116,Egg Chilly,51
117,Egg Roll,51
118,Prawns Biryani,51
119,Mutton Fry,51
120,Chilly Chicken,50
121,Mutton Curry,50
122,Chicken Fry,49
123,Mushroom Noodles,49
124,Aloo Palak,49
125,Kadhai Paneer,49
126,Onion Paratha,48
127,Egg Schezwan Noodles,48
128,Mango Lassi,48
129,Paneer Roll,48
130,Baby Corn Chilly,48
131,Aloo Gobi Masala,48
132,Baby Corn Chilli,48
133,Veg Hyderabadi,48
134,Aloo Jeera,47
135,Veg Hakka Noodles,47
136,Schezwan Chicken,47
137,Mixed Fried Rice,47
138,Fish Biryani,46
139,Lachha Paratha,45
140,Plain Kulcha,45
141,Kalmi Kabab,45
142,Lassi,45
143,Fresh Lime Soda,45
144,Egg Chilli,44
145,Phulka,44
146,Bhindi Masala,44
147,Watermelon Juice,44
148,Matar Paneer,44
149,Vanilla Ice Cream,43
150,Thums Up,43
151,Chicken Hakka Noodles,43
152,Veg Kadai,43
153,Chicken Pepper Dry,43
154,Gobi Chilly,43
155,Egg Schezwan Fried Rice,43
156,Methi Paratha,43
157,Mushroom Biryani,42
158,Chicken Roll,42
159,Veg Roll,41
160,Fish Manchurian,40
161,Aloo Matar,40
162,Cold Coffee,40
163,Peas Pulao,40
164,Mix Veg Curry,40
165,Orange Juice,39
166,Pudina Paratha,39
167,Chicken Kebab,39
168,Dragon Chicken,39
169,Plain Palak,38
170,Kadhai Chicken,38
171,Chapati,37
172,Strawberry Milkshake,37
173,Mixed Veg Curry,37
174,Mutton Pepper Dry,37
175,Plain Curd,37
176,Chicken Mughlai,37
177,Paneer Noodles,37
178,Chocolate Ice Cream,37
179,Strawberry Ice Cream,36
180,Veg American Chopsuey,36
181,Schezwan Chicken Fried Rice,36
182,Chicken Dum Biryani,36
183,Paratha,35
184,Baby Corn Pepper Dry,35
185,Chocolate Milkshake,35
186,Veg Chinese Chopsuey,35
187,Baby Corn 65,35
188,Prawns Masala,35
189,Stuffed Kulcha,35
190,Mushroom Tikka,35
191,Paneer Pepper Dry,34
192,Fish Curry,34
193,Pepsi,34
194,Mosambi Juice,34
195,Butter Paratha,33
196,Veg Spring Roll,33
197,Rajma Masala,33
198,Chicken American Chopsuey,33
199,Chicken Chilli,33
200,Chicken Lollypop,33
201,Salted Lassi,33
202,Masala Kulcha,32
203,Baby Corn Masala,32
204,Paneer Do Pyaza,32
205,Omelette,32
206,Cucumber Raita,32
207,Onion Pakoda,32
208,Fish Fry,31
209,Mixed Raita,31
210,Schezwan Noodles,31
211,Prawns Manchurian,31
212,Dal Khichdi,31
213,Chicken Kadai,31
214,Masala Dosa,30
215,Chilly Paneer,30
216,Gobi Masala,30
217,Capsicum Masala,30
218,Roasted Papad,30
219,Paneer Makhani,30
220,Guntur Chicken,30
221,Plain Dosa,30
222,Vanilla Milkshake,29
223,Bhindi Fry,29
224,Pineapple Raita,29
225,Dum Aloo,29
226,Egg Pakoda,29
227,Missi Roti,29
228,Veg Kofta,29
229,Cucumber Salad,29
230,Mutton Do Pyaza,29
231,Prawns Fried Rice,29
232,Veg Kadhai,29
233,Prawns Fry,28
234,Curd,28
235,Egg 65,28
236,Butter Phulka,28
237,Chilli Paneer,28
238,Veg Burger,28
239,Schezwan Fried Rice,28
240,Chicken Ghee Roast,28
241,Paneer Kulcha,28
242,Apple Juice,28
243,Masala Omelette,28
244,Potato Wedges,27
245,Rumali Roti,27
246,Coffee,27
247,Chicken Chinese Chopsuey,27
248,Cream of Tomato Soup,27
249,Cream of Mushroom Soup,27
250,Paneer Kadai,27
251,Butterscotch Ice Cream,27
252,Hunan Chicken,26
253,Chicken Roast,26
254,Onion Dosa,26
255,Boneless Butter Chicken,26
256,Veg Makhanwala,26
257,Chicken Nuggets,26
258,Paneer Lababdar,26
259,Set Dosa,26
260,Methi Roti,26
261,Schezwan Egg Fried Rice,26
262,Mutton Hyderabadi,25
263,Mixed Noodles,25
264,Banana Milkshake,25
265,Fish Chilli,25
266,Strawberry Lassi,25
267,Schezwan Chicken Noodles,25
268,Hot and Sour Soup,25
269,Egg Paratha,25
270,Aloo Mutter,25
271,Mango Milkshake,25
272,Chicken Spring Roll,25
273,Onion Salad,24
274,Fish Masala,24
275,Punjabi Chicken,24
276,Butter Chicken Masala,24
277,Fanta,24
278,Paneer Pasanda,24
279,Chicken Tikka Roll,24
280,Tea,24
281,Mushroom Kadai,24
282,Buttermilk,24
283,Fish Tikka,24
284,Mutton Fried Rice,23
285,Palak Chicken,23
286,2 Boiled Egg,23
287,Chicken Butter Masala,23
288,Boneless Chicken 65,23
289,Garlic Bread,23
290,Methi Chicken,23
291,Chicken Burger,23
292,Chicken Seekh Kabab,23
293,Mutton Kolhapuri,23
294,Gobhi Manchurian,22
295,Paneer Pakoda,22
296,Aloo Jeera Dry,22
297,Mushroom Manchurian Gravy,22
298,Chicken Manchurian Gravy,22
299,Lime Juice,22
300,Chole Bhature,22
301,Vada,22
302,Butter Tandoori Roti,21
303,Paneer Manchurian Gravy,21
304,Chicken Sukka,21
305,Mushroom Do Pyaza,21
306,Kadai Veg,21
307,Cheese Naan,21
308,Kashmiri Pulao,21
309,Fish Finger,21
310,Dry Fruit Lassi,21
311,Aloo 65,21
312,Drums of Heaven,21
313,Fruit Salad,21
314,Mushroom Soup,21
315,Stuffed Paratha,20
316,Chicken Chettinad,20
317,Mix Raita,20
318,Fresh Lime Juice,20
319,Mango Ice Cream,20
320,Rava Dosa,20
321,Peanut Masala,20
322,Veg Thali,20
323,Veg Do Pyaza,20
324,Kerala Paratha,20
325,Schezwan Veg Fried Rice,20
326,Fresh Lime Water,19
327,Margherita Pizza,19
328,Pomegranate Juice,19
329,Chicken 555,19
330,Salt Lassi,19
331,Mutter Paneer,19
332,Veg Ball Manchurian,19
333,Grape Juice,19
334,Schezwan Veg Noodles,19
335,Muskmelon Juice,19
336,Mutton Pepper Masala,19
337,Veg Sandwich,19
338,Chicken Soup,19
339,Fruit Salad with Ice Cream,19
340,Onion Raita,19
341,Veg Jaipuri,19
342,Paneer Malai Tikka,19
343,Kalmi Kebab,19
344,Boneless Chicken Manchurian,18
345,Jeera Aloo,18
346,Mutton Mughlai,18
347,Lemon Tea,18
348,Mutton Pepper Fry,18
349,Hot and Sour Chicken Soup,18
350,Chicken Handi,18
351,Babycorn Manchurian,18
352,Bhindi Do Pyaza,18
353,Crispy Veg,18
354,Sweet Corn Soup,18
355,Chapathi,18
356,Mughlai Chicken,18
357,Double Egg Roll,18
358,Boneless Chilli Chicken,18
359,Wheat Paratha,18
360,Tomato Curry,18
361,Kaju Paneer,18
362,Tangdi Kabab,18
363,Reshmi Kabab,18
364,Manchow Soup,18
365,Chicken Saagwala,18
366,Mutton Ghee Roast,18
367,Lime Soda,18
368,Veg Grilled Sandwich,18
369,Schezwan Egg Noodles,18
370,Palak Rice,18
371,Green Tea,18
372,Prawns 65,18
373,Chilli Mushroom,18
374,Paneer Kofta,18
375,Gobi Fried Rice,17
376,Apple Milkshake,17
377,Chocolate Shake,17
378,Fish Fingers,17
379,Gobi Manchurian Gravy,17
380,Achari Paneer Tikka,17
381,Chicken Biryani Combo,17
382,Mushroom Kadhai,17
383,Plain Roti,17
384,Gobi Manchurian Dry,17
385,Mutton Kadai,17
386,Oreo Milkshake,17
387,Chicken Pakoda,17
388,Veg Pulav,17
389,Veg Shanghai Fried Rice,17
390,Cream of Chicken Soup,17
391,Mutton Roast,17
392,Sev Puri,17
393,Paneer Kolhapuri,17
394,Papaya Juice,17
395,Aloo Raita,17
396,White Rice,17
397,Mix Veg Raita,17
398,Hakka Noodles,17
399,Chicken Chilly,16
400,Masala Puri,16
401,Boneless Chicken Tikka,16
402,Hara Bhara Kabab,16
403,Mixed Veg,16
404,Veg Jalfrezi,16
405,Chicken Shanghai Fried Rice,16
406,Paneer Palak,16
407,Bhel Puri,16
408,Pudina Roti,16
409,Honey Chilli Potato,16
410,Egg Fry,16
411,Stuffed Capsicum,16
412,Sweet Corn Chicken Soup,16
413,Chicken Patiala,16
414,Chicken Tikka Biryani,16
415,Sweet Corn Veg Soup,16
416,Veg Seekh Kabab,16
417,Pav Bhaji,16
418,Paneer Matar,16
419,Paper Masala Dosa,16
420,Veg Chowmein,16
421,Egg Hakka Noodles,16
422,Idli,16
423,Mushroom Matar,16
424,Paneer Masala,16
425,Grilled Chicken,16
426,Chicken Manchurian Dry,16
427,Fish 65,16
428,Gobi Pepper Dry,16
429,Tandoori Aloo,15
430,Navratan Korma,15
431,Baby Corn Fried Rice,15
432,Kadhai Mushroom,15
433,Prawns Chilli,15
434,Chicken Garlic,15
435,Crispy Chicken,15
436,Veg Platter,15
437,Apollo Fish,15
438,Laccha Paratha,15
439,Chicken Pepper Fry,15
440,Rava Masala Dosa,15
441,Oreo Shake,15
442,Butter Masala Dosa,15
443,Prawns Curry,15
444,Golden Fried Baby Corn,15
445,Boneless Chicken Biryani,15
446,Onion Kulcha,15
447,Tawa Roti,15
448,Chilly Mushroom,15
449,Prawns Chilly,15
450,Chicken Korma,15
451,Chilli Fish,15
452,Fruit Lassi,15
453,Boneless Lemon Chicken,15
454,Chocolate Lassi,15
455,Fish and Chips,15
456,Pani Puri,15
457,Fried Papad,15
458,Mango Juice,15
459,Paper Plain Dosa,15
460,Paneer Korma,15
461,Pista Ice Cream,15
462,Chicken Punjabi,15
463,Cheese Omelette,15
464,Butterscotch Milkshake,14
465,Egg Maggi,14
466,Mutton Sukka,14
467,Plain Omelette,14
468,Fish Chilly,14
469,Malai Paneer Tikka,14
470,Prawns Pepper Dry,14
471,Kashmiri Naan,14
472,Paneer Shahi Korma,14
473,Prawns Noodles,14
474,Finger Chips,14
475,Mushroom Pepper,14
476,Veg Tom Yum Soup,14
477,Veg Combo,14
478,Baby Corn Pepper,14
479,Methi Kulcha,14
480,Dahi Puri,14
481,Stuffed Tomato,14
482,Bread Basket,14
483,Garlic Chicken Dry,14
484,Tandoori Butter Roti,14
485,Cheese Garlic Bread,14
486,Mixed Paratha,14
487,Veg Pakoda,14
488,Aloo Gobi Dry,14
489,Non Veg Platter,14
490,2 Aloo Paratha,13
491,Chilli Baby Corn,13
492,Chicken Lababdar,13
493,Tomato Rice,13
494,Tandoori Gobi,13
495,Egg Roast,13
496,Chicken Bharta,13
497,Chicken Schezwan,13
498,Butter Garlic Naan,13
499,Garlic Chicken Gravy,13
500,Paneer Kadhai,13
501,Tawa Chicken,13
502,Hariyali Kabab,13
503,Paneer Pulao,13
504,Schezwan Fish,13
505,Chicken Egg Roll,13
506,Chilli Chicken Gravy,13
507,Mutton Soup,13
508,Papad,13
509,Schezwan Chicken Gravy,13
510,Paneer Hyderabadi,13
511,Veg Schezwan Rice,13
512,Badam Milk,13
513,Tandoori Kabab,13
514,Ginger Tea,13
515,Mango Shake,13
516,Ginger Chicken Gravy,13
517,Chilly Prawns,13
518,Strawberry Shake,13
519,Tawa Paneer,13
520,Dum Aloo Kashmiri,13
521,Prawn Fried Rice,13
522,French Chicken,13
523,Aloo Methi,13
524,Afghani Chicken,13
525,Lemon Rice,13
526,Rasgulla,13
527,Chilly Chicken Gravy,12
528,Banana Shake,12
529,Veg Noodles Soup,12
530,Fried Egg,12
531,Cappuccino,12
532,Butter Plain Dosa,12
533,Hot and Sour Veg Soup,12
534,Channa Masala,12
535,Crispy Chilli Potato,12
536,Mushroom Roll,12
537,Stuffed Naan,12
538,Boneless Chicken Tikka Masala,12
539,Bread Omelette,12
540,Baby Corn Manchurian Gravy,12
541,Paneer Sandwich,12
542,Special Chicken Biryani,12
543,Singapore Fried Rice,12
544,7UP,12
545,Veg Chilli Garlic Noodles,12
546,Chicken Chowmein,12
547,Kadai Mushroom,12
548,Chicken Lung Fung Soup,12
549,Chicken Pepper Masala,12
550,Fish Tikka Masala,12
551,Tandoori Paratha,12
552,Andhra Chicken Curry,12
553,Hyderabadi Chicken Biryani,12
554,Rava Onion Dosa,12
555,Idly,12
556,Chicken Tom Yum Soup,12
557,Russian Salad,12
558,Veg Makhani,12
559,Kung Pao Chicken,12
560,Chicken Wings,12
561,Chicken Majestic,12
562,Cheese Masala Dosa,12
563,Banana Lassi,12
564,Honey Chilly Potato,12
565,Mooli Paratha,12
566,Vegetable Biryani,12
567,Chicken Kadhai,12
568,Paneer Tikka Pizza,12
569,Mix Veg,12
570,Gobhi Paratha,12
571,Rajma Chawal,12
572,Shanghai Chicken,12
573,Khara Bath,12
574,Chicken Fry Piece Biryani,12
575,Paneer Pepper,12
576,Sweet Fresh Lime Soda,12
577,Aloo Kulcha,11
578,BBQ Chicken Wings,11
579,Mix Fried Rice,11
580,Chinese Bhel,11
581,Paneer Chilli Gravy,11
582,Malai Tikka,11
583,Ginger Chicken Dry,11
584,Veg Maggi,11
585,Cheese Paratha,11
586,Veg Meal,11
587,Dal Kolhapuri,11
588,Jaljeera,11
589,Chicken Stroganoff,11
590,Royal Falooda,11
591,Papaya Milkshake,11
592,Chicken Chilli Garlic Noodles,11
593,Palak Khichdi,11
594,Cheese Pav Bhaji,11
595,Chicken Tikka Sandwich,11
596,Chicken Kali Mirch,11
597,Aloo Onion Paratha,11
598,Chicken Malai Tikka,11
599,Chicken Tikka Pizza,11
600,Hyderabadi Chicken,11
601,Chicken Salt and Pepper,11
602,Mushroom Pepper Fry,11
603,Chicken Pepper,11
604,Chow Chow Bath,11
605,Singapore Noodles,11
606,Rasmalai,11
607,Lemon Ice Tea,11
608,Chicken Meal,11
609,Methi Matar Malai,11
610,Pista Milkshake,11
611,Mixed Veg Raita,11
612,Mirinda,11
613,Chilly Potato,11
614,Chicken Singapore Noodles,11
615,Garlic Fried Rice,11
616,Lemon Coriander Soup,11
617,Hariyali Paneer Tikka,11
618,Veg Singapore Noodles,11
619,Kesari Bath,11
620,Rose Lassi,11
621,Veg Momos,11
622,Hong Kong Chicken,11
623,Malai Kabab,11
624,Achari Chicken,11
625,Golden Fried Prawns,11
626,Veg Biryani Combo,11
627,Mixed Schezwan Fried Rice,11
628,Pudina Chicken,11
629,Prawn Biryani,11
630,Ginger Prawns,10
631,Chicken Thali,10
632,Chicken Afghani,10
633,Paneer Handi,10
634,Fruit Punch,10
635,Aloo Puri,10
636,Chilli Prawns,10
637,Peri Peri Fries,10
638,Chicken Fried Momos,10
639,Kadai Mutton,10
640,Mixed Non Veg Fried Rice,10
641,Vada Pav,10
642,Gobi Tikka,10
643,Mutton Handi,10
644,Veg Crispy,10
645,Rava Onion Masala Dosa,10
646,Egg Burji,10
647,Paneer Manchurian Dry,10
648,American Chopsuey,10
649,Aloo Gobi Matar,10
650,Kheer,10
651,Jal Jeera,10
652,Chicken Chettinadu,10
653,Strawberry Smoothie,10
654,Prawns Schezwan Fried Rice,10
655,Paneer Schezwan,10
656,Roomali Roti,10
657,Schezwan Chicken Dry,10
658,Veg Club Sandwich,10
659,Green Peas Pulao,10
660,Chicken Momos,10
661,Paneer Burger,10
662,Mutton Korma,10
663,Crispy Corn,10
664,Chicken Steamed Momos,10
665,Mutton Kadhai,10
666,Raita,10
667,Ginger Fried Rice,10
668,Mushroom Manchurian Dry,10
669,Pudina Naan,10
670,Veg Kurma,10
671,Chole Masala,10
672,Chilly Gobi,10
673,Salted Fresh Lime Soda,10
674,Lemon Iced Tea,10
675,Lemon Juice,10
676,Masala Tea,10
677,Veg Dragon Chopsuey,10
678,Peas Biryani,10
679,Veg Lemon Coriander Soup,10
680,BBQ Chicken Pizza,10
681,Veg Korma,10
682,Coin Paratha,10
683,Malai Paneer,10
684,Samosa,10
685,Babycorn Masala,10
686,Double Egg Chicken Roll,10
687,Aloo Tikka,10
688,Tandoori Mushroom,10
689,Babycorn Chilly,10
690,Mixed Schezwan Noodles,9
691,Mutton Dum Biryani,9
692,Ginger Lime Soda,9
693,Boneless Chicken Curry,9
694,Greek Salad,9
695,Mint Lime Juice,9
696,Egg Mughlai,9
697,Aloo Manchurian,9
698,Tawa Paratha,9
699,Aloo Paratha Combo,9
700,Paneer Dosa,9
701,Double Chicken Roll,9
702,Sweet and Sour Chicken,9
703,Chilli Gobi,9
704,Soda,9
705,Schezwan Paneer,9
706,Chinese Chopsuey,9
707,Chicken Caesar Salad,9
708,Pudina Kulcha,9
709,Poha,9
710,Egg Do Pyaza,9
711,Strawberry Milk Shake,9
712,Mutton Keema Biryani,9
713,Non Veg Thali,9
714,Egg Dosa,9
715,Neer Dosa,9
716,Veg Caesar Salad,9
717,2 Paneer Paratha,9
718,Butter Fruit Milkshake,9
719,Mughlai Biryani,9
720,Plain Raita,9
721,Chicken Sandwich,9
722,Achari Chicken Tikka,9
723,Veg Manchurian Dry,9
724,Crab Masala,9
725,Vanilla Milk Shake,9
726,Chicken Singapore Fried Rice,9
727,Masala Soda,9
728,Veg Soup,9
729,Palak Aloo,9
730,Malabar Paratha,9
731,Methi Malai Paneer,9
732,Mutton Chilly,9
733,Keema Naan,9
734,Pulka,9
735,Methi Malai Matar,9
736,Vegetable Fried Rice,9
737,Rava Idli,9
738,Cheese Sandwich,9
739,Chicken Keema Masala,9
740,Boneless Chicken Pepper Dry,9
741,Chikku Milkshake,9
742,Samosa Chaat,9
743,Tomato Salad,9
744,Special Thali,9
745,Mutton Pepper,9
746,Fish Pepper Dry,9
747,Mushroom Pepper Salt,9
748,Chicken Club Sandwich,9
749,Tangdi Kebab,9
750,Lemon Chicken Dry,9
751,Chicken Achari,9
752,Grapes Juice,9
753,Veg Shahi Korma,9
754,Carrot Juice,9
755,Green Apple Mojito,9
756,Paneer Schezwan Fried Rice,9
757,Egg Pepper Dry,9
758,Afghani Kabab,9
759,Mutton 65,9
760,Chicken Paratha,9
761,Ajwain Paratha,9
762,Aloo Capsicum,9
763,Apple Shake,9
764,Veg Pepper Masala,9
765,Mountain Dew,9
766,Mutton Noodles,9
767,Special Chicken Fried Rice,9
768,Caramel Custard,9
769,Gongura Chicken,9
770,Aloo Gobhi,9
771,Palak Dal,9
772,Chicken Drumstick,9
773,Veg Malai Kofta,9
774,Plain Papad,9
775,Egg Chicken Roll,9
776,Matar Masala,9
777,Chicken Kalmi Kabab,9
778,Water Melon Juice,9
779,Fish Thali,9
780,Pepper Chicken Masala,9
781,Fish Kabab,9
782,Gongura Chicken Curry,9
783,Chilly Chicken Dry,9
784,Pepper Chicken Dry,9
785,Honey Chilly Chicken,9
786,Horlicks,9
787,Aloo Chilly,9
788,Egg Thali,9
789,Veg Steamed Momos,8
790,Gobi Matar,8
791,Yellow Dal Tadka,8
792,Espresso,8
793,Prawn Masala,8
794,Chicken Sausage Pizza,8
795,Chicken Lemon Pepper Soup,8
796,Chilli Potato,8
797,Kaju Paneer Masala,8
798,Paneer Methi Malai,8
799,Hyderabadi Chicken Dum Biryani,8
800,Open Dosa,8
801,Chicken Maggi,8
802,Mutton Chilli,8
803,Falooda,8
804,Non Veg Manchow Soup,8
805,Chicken Seekh Kebab,8
806,Chicken Kalimirch,8
807,Mushroom Schezwan Fried Rice,8
808,Tandoori Naan,8
809,Aloo Tikki,8
810,Chicken Bhuna,8
811,Chilly Baby Corn,8
812,Mango Milk Shake,8
813,Gobi Pepper,8
814,Paneer Chilly Dry,8
815,Aloo Tomato,8
816,Chicken Lemon Coriander Soup,8
817,Hara Bhara Kebab,8
818,Appam,8
819,Veg Raita,8
820,Mutton Keema Masala,8
821,Veg Singapore Fried Rice,8
822,Handi Chicken,8
823,Gobhi Masala,8
824,Handi Biryani,8
825,Tomato Raita,8
826,French Fry,8
827,Chicken Manchurian Roll,8
828,Non Veg Meal,8
829,Chicken Fingers,8
830,Non Veg Sweet Corn Soup,8
831,Chilly Cheese Toast,8
832,Butterscotch Shake,8
833,Chicken Tandoori,8
834,Muskmelon Milkshake,8
835,Hariyali Tikka,8
836,Veg Arrabiata Pasta,8
837,Minestrone Soup,8
838,Blackcurrant Ice Cream,8
839,Cheese Balls,8
840,Veg Lemon Pepper Soup,8
841,Prawns Schezwan Noodles,8
842,Paneer Pav Bhaji,8
843,Ghee Paratha,8
844,Paneer Hariyali Tikka,8
845,Boneless Chilly Chicken,8
846,Veg Lung Fung Soup,8
847,Black Forest Cake,8
848,Chicken Popcorn,8
849,Veg Burnt Garlic Fried Rice,8
850,Veg Hot N Sour Soup,8
851,Prawns Roast,8
852,Gongura Chicken Biryani,8
853,Pongal,8
854,Boneless Chicken Masala,8
855,Chicken Rogan Josh,8
856,Tandoori Prawns,8
857,Sattu Paratha,8
858,Murgh Malai Tikka,8
859,Veg Fried Momos,8
860,Cream of Veg Soup,8
861,Reshmi Kebab,8
862,Pomegranate Milkshake,8
863,Aloo Chilli,8
864,Chicken Noodles Soup,8
865,Dal Methi,8
866,Walnut Brownie,8
867,Paneer Mutter,8
868,Ghee Masala Dosa,8
869,Sweet Lime Juice,8
870,Veg Handi,8
871,Mushroom Pulao,8
872,Veg Kolapuri,8
873,Dal Punjabi,8
874,Steam Rice,8
875,Chicken Hariyali,8
876,Chicken Chilly Garlic Noodles,8
877,Mutton Manchurian,8
878,Kachori,8
879,Chicken Pan Fried Noodles,8
880,Prawn Manchurian,8
881,Butterscotch Cake,8
882,Veg Keema,7
883,Chicken Wonton Soup,7
884,Chole Paneer,7
885,Veg Cheese Grilled Sandwich,7
886,Gobi Chilli Dry,7
887,Pineapple Cake,7
888,Aloo Dum,7
889,Chilly Egg,7
890,Chicken Reshmi Kebab,7
891,Paneer Tikka Sandwich,7
892,Vegetable Pulao,7
893,Chicken Tikka Wrap,7
894,Mix Paratha,7
895,Egg Biriyani,7
896,Lasooni Tikka,7
897,Hyderabadi Chicken Curry,7
898,Prawn Curry,7
899,Veg Chilly Garlic Rice,7
900,Hariyali Chicken Tikka,7
901,Mixed Vegetable,7
902,Prawn 65,7
903,Vegetable Kolhapuri,7
904,Chicken Crispy,7
905,Veg Cheese Burger,7
906,Banana Smoothie,7
907,Vanilla Shake,7
908,Maaza,7
909,Onion Rings,7
910,Mysore Masala Dosa,7
911,Paneer Stuffed Paratha,7
912,Chilli Mutton,7
913,Paneer Schezwan Noodles,7
914,Chicken Talumein Soup,7
915,Chilli Chicken Dry,7
916,Seafood Soup,7
917,Mutton Kali Mirch,7
918,Chicken Keema,7
919,Chicken Wrap,7
920,Cold Coffee with Ice Cream,7
921,Baby Corn Manchurian Dry,7
922,Cold Coffee Milkshake,7
923,Mix Veg Paratha,7
924,Chicken Cutlet,7
925,Plain Maggi,7
926,Special Prawns Fried Rice,7
927,Fried Chicken,7
928,Tawa Butter Roti,7
929,Boneless Kadai Chicken,7
930,Veg Dosa,7
931,Prawn Noodles,7
932,Veg Pan Fried Noodles,7
933,Tomato Egg Curry,7
934,Crispy Baby Corn,7
935,Veg Chilli Garlic Fried Rice,7
936,Rice Bath,7
937,Veg Hyderabadi Biryani,7
938,Aloo Pakoda,7
939,Cafe Mocha,7
940,Aloo Tikki Burger,7
941,Matar Paratha,7
942,Red Bull,7
943,Mutton Saagwala,7
944,Ginger Fish,7
945,Chicken Kolapuri,7
946,Chicken Methi,7
947,Jalebi,7
948,Veg Triple Schezwan Fried Rice,7
949,Chicken Steak,7
950,Kadhai Veg,7
951,Veg Biriyani,7
952,Paneer Satay,7
953,Chocolate Mousse,7
954,Chilli Garlic Noodles,7
955,Masala Fries,7
956,Pudina Lassi,7
957,White Forest Cake,7
958,Paneer Tikka Butter Masala,7
959,Plain Tandoori Roti,7
960,Chicken Satay,7
961,Ginger Lime Juice,7
962,2 Plain Paratha,7
963,Grilled Fish,7
964,Mutton Chops,7
965,Snickers Milkshake,7
966,Chicken Lollipop Biryani,7
967,Tawa Veg,7
968,Veg Chilly Garlic Noodles,7
969,Mutton Biryani Combo,7
970,Boneless Pepper Chicken,7
971,Veg Fingers,7
972,Chicken Hot N Sour Soup,7
973,Chicken Triple Schezwan Fried Rice,7
974,Gobi Mutter,7
975,Paneer Chilli Dry,7
976,Green Peas Dry,7
977,Aloo Masala,7
978,Rajma,7
979,Chicken Hot Garlic,7
980,Chicken Dragon Chopsuey,7
981,Mushroom Chilly Dry,7
982,Mango Smoothie,7
983,Mixed Veg Fried Rice,7
984,Sweet Lime Soda,7
985,Cheese Vada Pav,7
986,Chicken Kalimirchi,7
987,Egg Biryani Combo,7
988,Paneer Matar Masala,7
989,Gobhi 65,7
990,Mushroom Chilli Gravy,7
991,Veg Pasta,7
992,Papaya Shake,7
993,Mushroom Butter Masala,7
994,Chicken Maharaja,7
995,Paneer Tikka Roll,6
996,Italian Chicken Pasta,6
997,Egg Schezwan Rice,6
998,Jeera Lassi,6
999,Egg Kolhapuri,6
1000,Peas Pulav,6
1001,Chicken Cheese Sandwich,6
1002,Prawns Sukka,6
1003,Corn Pulao,6
1004,Mix Vegetable,6
1005,Egg Shanghai Fried Rice,6
1006,Kashmiri Dum Aloo,6
1007,Baigan Bharta,6
1008,Kerala Parotta,6
1009,Veg Chilly,6
1010,Chicken Combo,6
1011,Mushroom Tikka Masala,6
1012,Gobi Noodles,6
1013,Mutton Roll,6
1014,Chilli Babycorn,6
1015,Corn Palak,6
1016,Butter Chapati,6
1017,Chicken Ginger,6
1018,Mushroom Schezwan,6
1019,Mushroom Tomato Fried Rice,6
1020,Chicken Coriander Soup,6
1021,French Onion Soup,6
1022,Spicy Mutton Curry,6
1023,Corn Sandwich,6
1024,Banana Milk Shake,6
1025,Special Lassi,6
1026,Red Velvet Cake,6
1027,Sunny Side Up,6
1028,Gulab Jamun with Ice Cream,6
1029,Peach Ice Tea,6
1030,Chicken do Pyaza,6
1031,Prawns Do Pyaza,6
1032,Veg Butter Garlic Noodles,6
1033,Salt and Pepper Mushroom,6
1034,Paneer Tikka Dry,6
1035,Peach Iced Tea,6
1036,Cheese Grilled Sandwich,6
1037,Prawns Ghee Roast,6
1038,Classic Veg Burger,6
1039,Veg Curry,6
1040,Paneer Tikka Biryani,6
1041,Lamb Burger,6
1042,Chicken Butter Garlic Noodles,6
1043,Thai Fried Chicken,6
1044,Veg Nuggets,6
1045,Veg Cutlet,6
1046,Mutton Punjabi,6
1047,Cheese Fries,6
1048,Egg Combo,6
1049,Veg Alfredo Pasta,6
1050,Mutton Rara,6
1051,Chicken Kabab Biryani,6
1052,Chicken Chilly Garlic Rice,6
1053,Grill Chicken,6
1054,Crispy Honey Chicken,6
1055,Black Tea,6
1056,Classic Chicken Burger,6
1057,Chicken Hariyali Tikka,6
1058,Cheese Plain Dosa,6
1059,Paneer Ghee Roast,6
1060,Peas Palak,6
1061,Chilli Paneer Roll,6
1062,Chilly Fish,6
1063,Red Sauce Pasta,6
1064,Brownie,6
1065,Apple Milk Shake,6
1066,Bulls Eye,6
1067,Grilled Chicken Burger,6
1068,Chocolate Coffee,6
1069,Chicken Keema Naan,6
1070,Cheese Maggi,6
1071,Bhuna Gosht,6
1072,Veg Manchurian Gravy,6
1073,Gongura Mutton Biryani,6
1074,Mutton Seekh Kabab,6
1075,Mushroom Schezwan Noodles,6
1076,Baby Corn Golden Fry,6
1077,Chicken Kassa,6
1078,Chicken Burnt Garlic Fried Rice,6
1079,Chicken Burnt Garlic Noodles,6
1080,Punjabi Paneer,6
1081,Schezwan Prawns,6
1082,Chicken Curry Combo,6
1083,Veg Burnt Garlic Noodles,6
1084,Veg Fried Rice Combo,6
1085,Veg Malaysian Noodles,6
1086,Chicken Chatpata,6
1087,Boost,6
1088,Garlic Prawns,6
1089,Aloo Gobhi Masala,6
1090,Hunan Chicken Dry,6
1091,Scrambled Egg,6
1092,2 Onion Paratha,6
1093,Mushroom Hyderabadi,6
1094,Hazelnut Cold Coffee,6
1095,Chicken Arrabiata Pasta,6
1096,Chicken Salami Pizza,6
1097,Chicken Thai Fried Rice,6
1098,Coca Cola,6
1099,Lemon Paneer,6
1100,Hunan Chicken Gravy,6
1101,Triple Fried Rice,6
1102,Methi Chaman,6
1103,Ulavacharu Chicken Biryani,6
1104,Hyderabadi Mutton Biryani,6
1105,Seafood Fried Rice,6
1106,Ice Cream,6
1107,Peri Peri Chicken Burger,6
1108,Mix Veg Dry,6
1109,Boneless Special Chicken Biryani,6
1110,Papdi Chaat,6
1111,Butter Tawa Roti,6
1112,Cafe Latte,6
1113,Nachos,6
1114,Chana Paneer,6
1115,Hyderabadi Biryani,6
1116,Chicken Schezwan Rice,6
1117,Boneless Chicken Hyderabadi,6
1118,Shahi Tukda,6
1119,Chole Chawal,6
1120,Cheesy Fries,6
1121,Bread Pakoda,6
1122,Garlic Bread with Cheese,6
1123,American Chicken Chopsuey,6
1124,Chole Bhatura,6
1125,2 Gobi Paratha,6
1126,Fish Meal,6
1127,Gobhi Chilly,6
1128,Mix Noodles,6
1129,Chicken Shahi Korma,6
1130,Shawarma Roll,6
1131,Plain Phulka,6
1132,Cocktail Juice,6
1133,Americano,6
1134,Hara Bara Kabab,6
1135,Gobhi Chilli,6
1136,Mint Lime Soda,6
1137,Dal Butter Fry,6
1138,Chicken Methi Malai,6
1139,Chicken Shawarma,6
1140,Fish Combo,6
1141,Amritsari Kulcha,6
1142,Paneer Stuffed Kulcha,6
1143,Chinese Fried Chicken,6
1144,Lung Fung Soup,6
1145,Methi Paneer,6
1146,Veg Tom Kha Soup,6
1147,Pineapple Lassi,6
1148,Fry Papad,6
1149,Chocolate Milk Shake,6
1150,Pindi Chole,6
1151,Caesar Salad,6
1152,Capsicum Pakoda,6
1153,Ceylon Paratha,6
1154,Veg Seekh Kebab,6
1155,Phulka Roti,6
1156,Chicken Mushroom Soup,6
1157,Chicken Patiyala,6
1158,Tandoori Fish Tikka,6
1159,Paneer Burji,6
1160,Chicken Alfredo Pasta,6
1161,Mango Falooda,6
1162,Jeera Pulao,6
1163,Masala French Fries,6
1164,Paneer Achari Tikka,6
1165,Masala Lime Soda,6
1166,Virgin Mojito,6
1167,Gajar ka Halwa,6
1168,Masala Lassi,6
1169,Mushroom Chilly Gravy,6
1170,Chicken Tom Kha Soup,6
1171,Chicken Tikka Butter Masala,6
1172,Carrot Halwa,6
1173,Chicken Rara,6
1174,Veg Thai Fried Rice,6
1175,Paneer Mutter Masala,6
1176,Mini Meal,6
1177,Aloo Fry,6
1178,Nargis Kofta,6
1179,Chicken Red Sauce Pasta,6
1180,Mushroom Omelette,6
1181,Garlic Fish,6
1182,Vegetable Soup,6
1183,Ghee Roti,6
1184,Mushroom Mutter,6
1185,Masala Chaas,6
